,count,mean,std,min,25%,50%,75%,max
Time,284807.0,94813.85957508067,47488.14595456617,0.0,54201.5,84692.0,139320.5,172792.0
Amount,284807.0,88.34961925093134,250.12010924018855,0.0,5.6,22.0,77.16499999999999,25691.16
