,count,mean,std,min,25%,50%,75%,max
Time,50000.0,28923.77962,13116.56392548738,0.0,21893.5,33471.5,38983.0,44299.0
Amount,50000.0,93.26658630371094,253.01004028320312,0.0,7.627500057220459,25.0,85.25,12910.9296875
