scenario,model,accuracy_mean,accuracy_std,precision_mean,precision_std,recall_mean,recall_std,f1_mean,f1_std,roc_auc_mean,roc_auc_std,pr_auc_mean,pr_auc_std,mcc_mean,mcc_std,balanced_accuracy_mean,balanced_accuracy_std,gmean_mean,gmean_std,fbeta_2_mean,fbeta_2_std,brier_mean,brier_std
sem_balanceamento,dummy,0.99704,0.0,0.0,0.0,0.0,0.0,0.0,0.0,0.5,0.0,0.00296,0.0,0.0,0.0,0.5,0.0,0.0,0.0,0.0,0.0,0.00296,0.0
sem_balanceamento,logistic_regression,0.99844,0.0,0.7694859038142621,0.011726480616692316,0.6756756756756757,0.01911099408612287,0.7193663612362169,0.005710444575508753,0.9853206030390496,0.014290309848118438,0.7928889703736371,0.011602214979998967,0.7201998862424157,0.00469704029825532,0.8375369472015544,0.009527128801819862,0.8217063111004933,0.011598522324306058,0.6924652961624347,0.014161994973003418,0.0011884971731626812,5.9980845198971295e-05
smote,dummy,0.99704,0.0,0.0,0.0,0.0,0.0,0.0,0.0,0.5,0.0,0.00296,0.0,0.0,0.0,0.5,0.0,0.0,0.0,0.0,0.0,0.00296,0.0
smote,logistic_regression,0.99068,0.0061659711319467375,0.2700960041515309,0.1370730348273144,0.9459459459459459,0.01911099408612287,0.41005299350198726,0.164988608303479,0.9831494466865165,0.005875867805806267,0.73534087990928,0.015998933809784052,0.4939558356143171,0.12640568027541346,0.9683793759257131,0.006434990506492378,0.9680769956459828,0.006730743896195879,0.6078213892725868,0.14847620030826325,0.007627588194111643,0.005195346349418765
undersampling,dummy,0.99704,0.0,0.0,0.0,0.0,0.0,0.0,0.0,0.5,0.0,0.00296,0.0,0.0,0.0,0.5,0.0,0.0,0.0,0.0,0.0,0.00296,0.0
undersampling,logistic_regression,0.96514,0.011794541110191632,0.07931532176298682,0.02362673722740808,0.9594594594594594,0.019110994086122907,0.14599663028349572,0.040092348446149575,0.9899762757220834,0.008452202471532416,0.6798473631196049,0.0011474728800056578,0.26899482433441574,0.03944427471823404,0.9623081618889209,0.003612350502959458,0.9622414518403668,0.003658484457822078,0.2952130351179031,0.06540791397677405,0.035588255063595406,0.00884420038576875
